Algoritmo,Base,Repeticao,|D|,|D+|,|D-|,Atributos,|I|,Tempo,Testes,Seed,WRAcc,WRAccN,size,TP,FP,overollSuppP,CoverRedundancyP,DescripRDensity,DescripRDominator,Qg,Chi_Quad,p_value,Lift,DiffSup,K,GrowthRate,OddsRatio,cov,conf,supp,suppP,suppN,
SSDPHD2-k10-foWRAccN,alon-clean50-pn-quartil50,1,62,40,22,1000,3000,29.891,4590306,179424673,0.10057232049947969,0.40228928199791875,2.0,18.3,0.4,0.9,0.47377049180327846,0.75,0.2,14.7,13.103183921792484,4.8743871186286426E-4,1.5173684210526315,0.4393181818181818,10.0,Infinity,Infinity,0.3016129032258065,0.9789473684210528,0.2951612903225807,0.4575,0.01818181818181818
SSDPHD2-k10-foWRAccN,alon-clean50-pn-quartil50,2,62,40,22,1000,3000,22.539,4620308,125164703,0.10057232049947969,0.40228928199791875,2.0,18.3,0.4,0.9,0.47377049180327846,0.75,0.2,14.7,13.103183921792484,4.8743871186286426E-4,1.5173684210526315,0.4393181818181818,10.0,Infinity,Infinity,0.3016129032258065,0.9789473684210528,0.2951612903225807,0.4575,0.01818181818181818
SSDPHD2-k10-foWRAccN,alon-clean50-pn-quartil50,3,62,40,22,1000,3000,22.867,4623307,132011827,0.10057232049947969,0.40228928199791875,2.0,18.3,0.4,0.9,0.47377049180327846,0.75,0.2,14.7,13.103183921792484,4.8743871186286426E-4,1.5173684210526315,0.4393181818181818,10.0,Infinity,Infinity,0.3016129032258065,0.9789473684210528,0.2951612903225807,0.4575,0.01818181818181818
SSDPHD2-k10-foWRAccN,alon-clean50-pn-quartil50,4,62,40,22,1000,3000,21.312,4590307,124987441,0.10057232049947969,0.40228928199791875,2.0,18.3,0.4,0.9,0.47377049180327846,0.75,0.2,14.7,13.103183921792484,4.8743871186286426E-4,1.5173684210526315,0.4393181818181818,10.0,Infinity,Infinity,0.3016129032258065,0.9789473684210528,0.2951612903225807,0.4575,0.01818181818181818
SSDPHD2-k10-foWRAccN,alon-clean50-pn-quartil50,5,62,40,22,1000,3000,21.338,4593306,123979721,0.10057232049947969,0.40228928199791875,2.0,18.3,0.4,0.9,0.47377049180327846,0.75,0.2,14.7,13.103183921792484,4.8743871186286426E-4,1.5173684210526315,0.4393181818181818,10.0,Infinity,Infinity,0.3016129032258065,0.9789473684210528,0.2951612903225807,0.4575,0.01818181818181818
